width,depth,val_loss
32.0,3.0,970.5032348632812
32.0,5.0,968.0491333007812
32.0,8.0,967.0446166992188
256.0,3.0,947.5436401367188
256.0,5.0,947.968505859375
256.0,8.0,953.8839721679688
512.0,3.0,951.5807495117188
512.0,5.0,953.0457153320312
512.0,8.0,
